{
  "Hilversum, Netherlands": {
    "address": "Laapersveld 27, 1213 VB Hilversum",
    "telephone": "+310355381921"
  },
  "Amsterdam, Amsterdam": {
    "address": "Wibautstraat 200, 1091 GS Amsterdam",
    "telephone": "+310207609844"
  },
  "Apeldoorn, Netherlands": {
    "address": "Meester van Rhemenslaan 3, 7316 AJ Apeldoorn",
    "telephone": "+31202103750"
  },
  "Copenhagen, Denmark": {
    "address": "Ny Carlsberg Vej 80, 1760 Copenhagen, Denmark",
    "telephone": "+31202103750"
  },
  "Seattle, USA": {
    "address": "113 Cherry St. #24989 Seattle"
  },
  "Atlanta, USA": {
    "address": "1 Baltimore Place NW, Suite G100, Atlanta, GA 30308",
    "telephone": "+14043434832"
  },
  "Toronto, Canada": {
    "address": "100 King Street West, Suite 6000, First Canadian Place, Toronto, Ontario M5X 1E2",
    "telephone": "+14043434832"
  },
  "Hammersmith Grove London, UK": {
    "address": "26-28 Hammersmith Grove - 4th Floor, London"
  },
  "High Holborn London, UK": {
    "address": "New Penderel House 4th Floor 283-288 High Holborn London WC1V 7HP"
  },
  "Wroc\u0142aw, Poland": {
    "address": "ul. Sucha 3 50-086 Wroc\u0142aw, Poland",
    "telephone": "+48717982692"
  },
  "Z\u00fcrich, Switserland": {
    "address": "Fraum\u00fcnsterstrasse 16, CH-8001 Z\u00fcrich",
    "telephone": "+41432888840"
  },
  "Bern, Switserland": {
    "address": "Spitalgasse 37, 3011 Bern",
    "telephone": "+41319727353"
  },
  "C\u00e1diz, Spain": {
    "address": "Calle Real, 40 1 Izquierda 11100 San Fernando, C\u00e1diz"
  },
  "Dubai, UAE": {
    "address": "TEC, Offices 3, One Central DWTC, Dubai, UAE",
    "telephone": "+97145264756"
  },
  "Gurgaon, India": {
    "address": "Capital Cyberscape, 4th Floor, Sector-59, Golf Course Extension Road, Gurugram, Haryana 122005",
    "telephone": "+911244700200"
  },
  "Pune, India": {
    "address": "Sky Belvedere, Ground floor, Mhada Colony, Viman Nagar, Pune, Maharashtra 411006",
    "telephone": "+912040111473"
  },
  "Bangalore, India": {
    "address": "The Hive, L5, VR Bengaluru, ITPL Main Road, Devasandra Industrial Estate, Mahadevapura, Bengaluru, Karnataka 560048",
    "telephone": "+918046622200"
  },
  "Chennai City, India": {
    "address": "Ground Floor, R R Tower IV, T.V.K Industrial Estate, Guindy, Chennai, Tamil Nadu-600032",
    "telephone": "+917338779531"
  },
  "Chennai Chennai SEZ, India": {
    "address": "1st Floor, Tower 1, Amrita Towers, New Chennai Township - Multi Services SEZ, Cheyyur Taluk, Chengalpattu District, Tamil Nadu-603305"
  },
  "Bhopal, India": {
     "address": "D-6 Industrial Area, Mandideep, Bhopal, Madhya Pradesh-462046"
  },
  "Jaipur, India": {
    "address": "4th Floor, Patrikayan, E-5, Jhalana Institutional Area, Jaipur, Rajasthan 302017"
  },
  "Hyderabad, India": {
    "address": "Aurobindo Galaxy, 9th Floor (A - Wing), HiTech City Main Road TSIIC, Raidurg Panmaktha, Hyderabad, Telangana 500081"
  },
  "Ho Chi Minh City, Vietnam": {
    "address": "56 Nguyen Dinh Chieu, Da Kao Ward, District 1, Ho Chi Minh City"
  },
  "Melbourne, Australia": {
    "address": "Level 14, 440 Collins Street, Melbourne, Victoria",
    "telephone": "+61383756887"
  },
  "Bogot\u00e1, Colombia": {
    "address": "Avenida Carrera 7, 82 - 66 of 226 Bogot\u00e1, D.C."
  },
  "Jalan Besa, Singapore": {
    "address": "30 Cecil Street, #19-08 Prudential Tower, Singapore"
  },
  "Xpirit Hilversum, Netherlands": {
    "address": "Laapersveld 27 | 1213 VB Hilversum | The Netherlands"
  }
}
